[{"model": "keyword_rank.keyword_rank", "pk": 1, "fields": {"asin": "B01LCDJ7LG", "title": "[Upgraded] Anker 2-Port 24W USB Wall Charger PowerPort 2 with PowerIQ for iPhone 7 / 6s / Plus, iPad Air 2 / mini 3, Galaxy S Series, Note Series, LG, Nexus, HTC and More", "country": "us", "created": "2017-05-06T08:19:25.451Z", "slug": "b01lcdj7lg"}}, {"model": "keyword_rank.keyword_rank", "pk": 2, "fields": {"asin": "B01N5K62C6", "title": "Quick Charger Portable 25W 4 Port (Quick Charge 3.0 and Type C) Wall and Desktop Charging Station for iPhone, Macbook Pro Asus ZenFone 3, HTC 10, LG G5, Sony Xperia XZ, Vodafone and More", "country": "us", "created": "2017-05-06T08:22:06.597Z", "slug": "b01n5k62c6"}}, {"model": "keyword_rank.keyword_rank", "pk": 3, "fields": {"asin": "B01NCIGVK9", "title": "Limited Edition Ariana Grande Wireless Bluetooth Cat Ear Headphones", "country": "us", "created": "2017-05-06T16:25:04.799Z", "slug": "b01ncigvk9"}}, {"model": "keyword_rank.keyword_rank", "pk": 4, "fields": {"asin": "B01NATYTMV", "title": "Theory Women's Sopheena Sl Bandana Skirt, Navy/Ivory, 10", "country": "us", "created": "2017-05-08T01:27:33.676Z", "slug": "b01natytmv"}}, {"model": "keyword_rank.keyword_rank", "pk": 5, "fields": {"asin": "B01DJ7CYZ4", "title": "TOYK Musical Duck toy Lights Action With Adjustable Sound", "country": "us", "created": "2017-05-08T04:03:29.213Z", "slug": "b01dj7cyz4"}}, {"model": "keyword_rank.keyword_rank", "pk": 6, "fields": {"asin": "B00NHQHX8G", "title": "LEGO Star Wars Slave I Toy", "country": "us", "created": "2017-05-08T08:46:21.003Z", "slug": "b00nhqhx8g"}}, {"model": "keyword_rank.keyword_rank", "pk": 7, "fields": {"asin": "B06XXQ9FR4", "title": "Fire HD 8 Variety Pack, 16GB - Includes Special Offers (Blue/Magenta)", "country": "us", "created": "2017-05-09T04:06:04.393Z", "slug": "b06xxq9fr4"}}, {"model": "keyword_rank.keyword_rank", "pk": 8, "fields": {"asin": "B06XFKN6R1", "title": "Proscenic Robotic Vacuum Cleaner Replacement Kit, 2 HEPA Filters + 2 Side Brushes", "country": "us", "created": "2017-05-09T10:59:04.615Z", "slug": "b06xfkn6r1"}}, {"model": "keyword_rank.keyword_rank", "pk": 9, "fields": {"asin": "B010OYASRG", "title": "Cambridge SoundWorks OontZ Angle 3 Next Generation Ultra Portable Wireless Bluetooth Speaker : Louder Volume 10W+, More Bass, Water Resistant, Perfect Speaker for Golf, Beach, Shower & Home (Black)", "country": "us", "created": "2017-05-09T23:26:45.974Z", "slug": "b010oyasrg"}}, {"model": "asin_keyword.asin_keyword", "pk": 1, "fields": {"asin": "B01N5K62C6", "title": "Quick Charger Portable 25W 4 Port (Quick Charge 3.0 and Type C) Wall and Desktop Charging Station for iPhone, Macbook Pro Asus ZenFone 3, HTC 10, LG G5, Sony Xperia XZ, Vodafone and More", "ean": "0617695727503", "keyword": "['usb charger wall travel travelers car smart phone iphone cell mobile android automotive micro dual 4 port type C best portable macbook pro andriod apple mobile cellphone multiple officeworks output plug review socket station for travel direct destop fast charging station technology high speed built in safety samsung LG adapter rca,hub mini port ipad universal multiple portable foldable gopro adaptor universal solar']", "country": "us", "created": "2017-05-06T08:28:18.330Z", "slug": "b01n5k62c6484"}}, {"model": "asin_keyword.asin_keyword", "pk": 2, "fields": {"asin": "B01LCDJ7LG", "title": "[Upgraded] Anker 2-Port 24W USB Wall Charger PowerPort 2 with PowerIQ for iPhone 7 / 6s / Plus, iPad Air 2 / mini 3, Galaxy S Series, Note Series, LG, Nexus, HTC and More", "ean": "0848061039726", "keyword": "['A2141 portable usb wall desktop charger adapter chargers laptop charging station universal phone charger mobile charger cell phone accessories,smartphone accessory charger head plug adapter compact travel wall desktop usb charger accessories smartphone universal replacement,iPhone 7 6s 6 5s 5 5c 4s se plus iPad pro air mini iPod touch nano shuffle Galaxy S7 S6 S5 S4 S3 S2 Edge Note 5 4 3 2 tab s tablet,Nexus 7 6 5 4 5c 5X 6P one plus G5 G4 G3 V10 a9 a8 m9 m8 Xperia z1 z2 z3 Android iOS device mobile']", "country": "us", "created": "2017-05-06T08:35:49.043Z", "slug": "b01lcdj7lg588"}}, {"model": "asin_keyword.asin_keyword", "pk": 3, "fields": {"asin": "B003BZD08U", "title": "Camco 40055 Brass Water Pressure Regulator", "ean": "0044111316421", "keyword": "['Parts Faucets Handle Handles Kitchen Kohler,Lever Mansfield Pfister Price Replacement Shower,Sink Sprayers Toilet Toto Valve Aerator Bathroom,Bathtubs Bidet Components Delta Diverter Eljer,holidays,christmas gift gifts for girls boys']", "country": "us", "created": "2017-05-06T08:40:02.820Z", "slug": "b003bzd08u349"}}, {"model": "asin_keyword.asin_keyword", "pk": 4, "fields": {"asin": "B00TRTSAZM", "title": "Allen Sports Deluxe 2-Bike Trunk Mount Rack", "ean": "0781176017527", "keyword": "['bicycle parts']", "country": "us", "created": "2017-05-06T08:50:04.560Z", "slug": "b00trtsazm034"}}, {"model": "asin_keyword.asin_keyword", "pk": 5, "fields": {"asin": "B01NATYTMV", "title": "Theory Women's Sopheena Sl Bandana Skirt, Navy/Ivory, 10", "ean": "0888718816126", "keyword": "['flowing maxi skirt bandana-print silk.,100% silk,clothes skirts']", "country": "us", "created": "2017-05-08T01:26:54.586Z", "slug": "b01natytmv713"}}, {"model": "asin_keyword.asin_keyword", "pk": 6, "fields": {"asin": "B018H404ME", "title": "Pro Shade SUNSHIELD UV Reflecting Fabric Car Windshield Protector, Standard (57x30 -Inch)", "ean": "0739027531098", "keyword": "[]", "country": "us", "created": "2017-05-08T01:30:56.761Z", "slug": "b018h404me931"}}, {"model": "asin_keyword.asin_keyword", "pk": 7, "fields": {"asin": "B01DJ7CYZ4", "title": "TOYK Musical Duck toy Lights Action With Adjustable Sound", "ean": "0190073358433", "keyword": "['toys baby toys kids toys girls toys toddler toys paw patrol toys boys toys toys for boys toys for 1 year old toys for 2 year old boy toys for girls toys for 3 year old boys girl toys infant toys toys for 5year old boys toys for 2 year old girls boy toys toddler girl toys toy toddler boy toys fidget toys toys for 3 year old girls baby toys 6 to 12 months baby girl toys princess toys boys toys 8 11 boys toys age 6 8 toys for 4 year old boys 2 year old boy toys top toys 2016 toys for 6 year old boys building toys baby boy toys toys for 8 year old boys 3 year old boy toys baby toys 12-18 months 2 year old girl toys baby toy 1year old toys toys for 10 year old boys toys for 7 year old boys toys for 4 year old girls pet toys kid toys 3 year old girl toys little girl toys toys for toddlers cool toys childrens toys toys for 8 year old girls toys for 5 year old boys baby toys for 6 to 12 months baby baby toy gufts']", "country": "us", "created": "2017-05-08T04:00:55.279Z", "slug": "b01dj7cyz4433"}}, {"model": "asin_keyword.asin_keyword", "pk": 8, "fields": {"asin": "B00NHQHX8G", "title": "LEGO Star Wars Slave I Toy", "ean": "0789655155036", "keyword": "['childrens party bag,boy party bag fillers,cheap party bag fillers,1st birthday lolly bag ideas,loot bag filler ideas,toys bags,bulk lolly bags,loot bag ideas for adults,loot bags for 1 year olds,personalised party bag fillers,healthy party bag fillers,easy loot bag ideas,what is loot bag,LEGO,Star,Wars,Slave,1,75060']", "country": "us", "created": "2017-05-08T08:47:13.296Z", "slug": "b00nhqhx8g732"}}, {"model": "asin_keyword.asin_keyword", "pk": 9, "fields": {"asin": "B008J8MJIQ", "title": "Hamilton Beach 10-Cup Food Processor, with Bowl Scraper (70730)", "ean": "0736940118795", "keyword": "['Hamilton Beach Bowl Scraper Food Processor 70730 70730,scraper clean processor']", "country": "us", "created": "2017-05-08T14:27:11.929Z", "slug": "b008j8mjiq801"}}, {"model": "asin_keyword.asin_keyword", "pk": 10, "fields": {"asin": "B000STC68W", "title": "\u30cf\u30a4\u30c9\u30f3:\u4ea4\u97ff\u66f296\u756a\u300c\u5947\u8e5f\u300d&100\u756a\u300c\u8ecd\u968a\u300d&101\u756a\u300c\u6642\u8a08\u300d", "ean": "4988005482808", "keyword": "[]", "country": "jp", "created": "2017-05-09T08:54:00.990Z", "slug": "b000stc68w188"}}, {"model": "asin_keyword.asin_keyword", "pk": 11, "fields": {"asin": "B019GH8E3M", "title": "Lumsing USB Ladeger\u00e4t 2 Port Wandladeger\u00e4t 12W Reiseladeger\u00e4t f\u00fcr iPhone, Samsung, HTC, Nokia iPad, iPod, Nexus, Smartphone und Tablet Blau", "ean": "6901548635249", "keyword": "[]", "country": "de", "created": "2017-05-09T08:57:26.058Z", "slug": "b019gh8e3m062"}}, {"model": "asin_keyword.asin_keyword", "pk": 12, "fields": {"asin": "B00QTE09SY", "title": "iClever BoostCube 4.8A 24W Dual USB Travel Wall Charger with SmartID Technology, Foldable Plug for iPhone iPad, Samsung Galaxy, HTC Nexus Moto Blackberry, Bluetooth Speaker Headset & Power Bank, White", "ean": "6958446315421", "keyword": "['wall charger,usb wall charger,dual usb charger,iphone charger']", "country": "us", "created": "2017-05-09T09:06:22.929Z", "slug": "b00qte09sy123"}}, {"model": "asin_keyword.asin_keyword", "pk": 13, "fields": {"asin": "B071CJN5MR", "title": "EXCASE Universal Waterproof Case with IP68 Certified for iPhone 7 7 Plus 6s 6s Plus SE 5s Galaxy S7 S6 S6 edge and Other Smartphones up to 7.4 x 4.5 Inches (Stripe Rainbows)", "ean": "4589743090449", "keyword": "['Cell Phone Dry Bag Pouch']", "country": "us", "created": "2017-05-09T09:07:07.588Z", "slug": "b071cjn5mr167"}}, {"model": "asin_keyword.asin_keyword", "pk": 14, "fields": {"asin": "B00F4RAVKI", "title": "Apple iPhone 5S Case Beige MF042ZM/A", "ean": "0885909787579", "keyword": "['Genuine Apple Leather Case Beige,Apple Leather Case,Leather Case,Leather Case For iPhone 5s,Beige']", "country": "de", "created": "2017-05-09T09:08:30.860Z", "slug": "b00f4ravki228"}}, {"model": "asin_keyword.asin_keyword", "pk": 15, "fields": {"asin": "B010OYASRG", "title": "Cambridge SoundWorks OontZ Angle 3 Next Generation Ultra Portable Wireless Bluetooth Speaker : Louder Volume 10W+, More Bass, Water Resistant, Perfect Speaker for Golf, Beach, Shower & Home (Black)", "ean": "0685450128650", "keyword": "['bluetooth speaker,wireless speaker,laptop speaker wireless,iphone speaker portable,ipad speaker portable,tablet speaker bluetooth,android speaker,gaming speaker,computer speaker,golf speaker,outdoor speaker,patio speaker,desktop speaker,travel speaker,soundbar,tv speaker,portable sound system,center channel,premium high-fidelity stereo,bluetooth audiophile speaker,rechargeable speaker,battery powered speaker,handsfree speakerphone,corporate gift,event gift,promotional gifts,dknight magicbox,sonos,ue boom,bose soundlink,beats pill by dre,jawbone jambox mini,JBL Flip,photive hydra,bohm,pandora speaker bluetooth,spotify speaker waterproof,streaming audio speaker,beach speakers,speakers for ipad,top bluetooth speaker,portable sound,graduation gifts electronics,graduation gift speakers,speaker deals,mothers day gifts,mother day gift from daughter,mothers day gifts in electronics,moms day gifts,high school graduation gifts']", "country": "us", "created": "2017-05-09T23:28:43.890Z", "slug": "b010oyasrg499"}}, {"model": "asin_keyword.asin_keyword", "pk": 16, "fields": {"asin": "B015OR9R8O", "title": "Wired Cat Ear Headphones", "ean": "0883594053504", "keyword": "['ears gaming headset axentwear led kitty 63_6317,audio blue unisex adult enjoy music privately turn,speakers share friends over cushioning noise,reduction secure fit usb rechargeable up hours,playing time per charge inline volume control plus']", "country": "us", "created": "2017-05-10T02:44:19.922Z", "slug": "b015or9r8o427"}}, {"model": "asin_keyword.asin_keyword", "pk": 17, "fields": {"asin": "B015ORGFNE", "title": "Wired Cat Ear Headphones", "ean": "0883594053498", "keyword": "['ears gaming headset headphon 63_6317 audio purple,unisex adult enjoy music privately turn speakers,share friends over cushioning noise reduction,secure fit usb rechargeable up hours playing time,per charge inline volume control plus forward back']", "country": "us", "created": "2017-05-10T02:48:40.231Z", "slug": "b015orgfne087"}}, {"model": "asin_keyword.asin_keyword", "pk": 18, "fields": {"asin": "B01N06LH7I", "title": "Wireless Cat Ear Headphones (Color Changing)", "ean": "0883594056475", "keyword": "['wi 63_6317 audio plastic unisex adult premium,private listening external speakers sharing music,pairs wirelessly bluetooth enabled device,independently controlled accent lights,rechargeable via usb up hours playing time per']", "country": "us", "created": "2017-05-10T02:51:31.444Z", "slug": "b01n06lh7i187"}}, {"model": "asin_keyword.asin_keyword", "pk": 19, "fields": {"asin": "B01MFC34K1", "title": "Cat Ear Headphones,MindKoo Kids Headphones Flashing Glowing Cosplay Fancy Foldable Over-Ear Gaming Headsets with LED Light for Girls,Children,Compatible for iPhone 6S,Android Phone (Pink)", "ean": "0615116540731", "keyword": "['bluetooth headphones wireless headphones bluetooth headsets wireless headsets,Cat Ear Headphones Over-Ear Headphones bluetooth headphones over ear,bluetooth headphones for running bluetooth headphones for kids bluetooth headphones neckband,bluetooth cat ear headphones wireless cat ear headphones wireless cat ear headsets,bluetooth cat ear headsets wireless headphones for kids wireless headphones for iphone 7 bluetooth headsets for cell phones']", "country": "us", "created": "2017-05-10T02:52:28.237Z", "slug": "b01mfc34k1655"}}, {"model": "asin_keyword.asin_keyword", "pk": 20, "fields": {"asin": "B01NCIGVK9", "title": "Limited Edition Ariana Grande Wireless Bluetooth Cat Ear Headphones", "ean": "0883594058448", "keyword": "['hea 63_6317 audio plastic unisex adult premium,private listening exclusive chrome white styling,built microphone taking phone calls rechargeable,via usb up hours playing time per charge change,color match mood outfit light blue green orange']", "country": "us", "created": "2017-05-10T03:07:04.950Z", "slug": "b01ncigvk9211"}}, {"model": "contenttypes.contenttype", "pk": 1, "fields": {"app_label": "inventory", "model": "inventory"}}, {"model": "contenttypes.contenttype", "pk": 2, "fields": {"app_label": "inventory", "model": "inventory_time"}}, {"model": "contenttypes.contenttype", "pk": 3, "fields": {"app_label": "keyword_rank", "model": "rank"}}, {"model": "contenttypes.contenttype", "pk": 4, "fields": {"app_label": "keyword_rank", "model": "rank_to_user"}}, {"model": "contenttypes.contenttype", "pk": 5, "fields": {"app_label": "keyword_rank", "model": "keyword_rank"}}, {"model": "contenttypes.contenttype", "pk": 6, "fields": {"app_label": "asin_keyword", "model": "asin_keyword"}}, {"model": "contenttypes.contenttype", "pk": 7, "fields": {"app_label": "blog", "model": "blogad"}}, {"model": "contenttypes.contenttype", "pk": 8, "fields": {"app_label": "blog", "model": "blog"}}, {"model": "contenttypes.contenttype", "pk": 9, "fields": {"app_label": "accounts", "model": "usersettings"}}, {"model": "contenttypes.contenttype", "pk": 10, "fields": {"app_label": "shorten_url", "model": "urls"}}, {"model": "contenttypes.contenttype", "pk": 11, "fields": {"app_label": "follow_sale", "model": "product"}}, {"model": "contenttypes.contenttype", "pk": 12, "fields": {"app_label": "follow_sale", "model": "product_seller"}}, {"model": "contenttypes.contenttype", "pk": 13, "fields": {"app_label": "follow_sale", "model": "product_to_user"}}, {"model": "contenttypes.contenttype", "pk": 14, "fields": {"app_label": "url_to_wishlist", "model": "url_to_wishlist"}}, {"model": "contenttypes.contenttype", "pk": 15, "fields": {"app_label": "admin_honeypot", "model": "loginattempt"}}, {"model": "contenttypes.contenttype", "pk": 16, "fields": {"app_label": "actions", "model": "action"}}, {"model": "contenttypes.contenttype", "pk": 17, "fields": {"app_label": "admin", "model": "logentry"}}, {"model": "contenttypes.contenttype", "pk": 18, "fields": {"app_label": "auth", "model": "permission"}}, {"model": "contenttypes.contenttype", "pk": 19, "fields": {"app_label": "auth", "model": "user"}}, {"model": "contenttypes.contenttype", "pk": 20, "fields": {"app_label": "auth", "model": "group"}}, {"model": "contenttypes.contenttype", "pk": 21, "fields": {"app_label": "contenttypes", "model": "contenttype"}}, {"model": "contenttypes.contenttype", "pk": 22, "fields": {"app_label": "sessions", "model": "session"}}, {"model": "contenttypes.contenttype", "pk": 23, "fields": {"app_label": "django_celery_results", "model": "taskresult"}}, {"model": "contenttypes.contenttype", "pk": 24, "fields": {"app_label": "axes", "model": "accessattempt"}}, {"model": "contenttypes.contenttype", "pk": 25, "fields": {"app_label": "axes", "model": "accesslog"}}, {"model": "contenttypes.contenttype", "pk": 26, "fields": {"app_label": "taggit", "model": "taggeditem"}}, {"model": "contenttypes.contenttype", "pk": 27, "fields": {"app_label": "taggit", "model": "tag"}}, {"model": "sessions.session", "pk": "7k7ys1h229eh4ejbkfhjotzjy23wuxra", "fields": {"session_data": "ZDVkYWMwMzAwODJmNzJlOWM4ZDViMWYxYTk2MzYwNzVhMWEwYmJmZDp7Il9hdXRoX3VzZXJfaWQiOiIxIiwiX2F1dGhfdXNlcl9iYWNrZW5kIjoiZGphbmdvLmNvbnRyaWIuYXV0aC5iYWNrZW5kcy5Nb2RlbEJhY2tlbmQiLCJfYXV0aF91c2VyX2hhc2giOiI5ZjYwYzhlMWJmNzYzYWUwMTBjZjY5MjA0NWM0OTZmZmFkODNlYjg0In0=", "expire_date": "2017-05-24T03:09:11.531Z"}}, {"model": "sessions.session", "pk": "bdi3n97ac2nq231j5k1a513tr9gt3xda", "fields": {"session_data": "NmZmYTljYjNlN2MwMmI3YWMzYmM0ZGYzMDY3YWYyZTM4MmM4ODIxYzp7Il9hdXRoX3VzZXJfaWQiOiI0IiwiX2F1dGhfdXNlcl9iYWNrZW5kIjoiZGphbmdvLmNvbnRyaWIuYXV0aC5iYWNrZW5kcy5Nb2RlbEJhY2tlbmQiLCJfYXV0aF91c2VyX2hhc2giOiJhMjBhOGU0ODI1MGU5MjYwZGZiMDQyOTFlMjFiOTRlZjcyMzMyYWEyIn0=", "expire_date": "2017-05-22T04:00:42.659Z"}}, {"model": "sessions.session", "pk": "ce6trw06g3aw6pxjshxxb4g902bej7rn", "fields": {"session_data": "ODU0YTBjM2RjZjM5NmZhY2QxNjU4YjQwMjMwMDBmODdkOGE3OWU2Yzp7Il9hdXRoX3VzZXJfaWQiOiI5IiwiX2F1dGhfdXNlcl9iYWNrZW5kIjoiZGphbmdvLmNvbnRyaWIuYXV0aC5iYWNrZW5kcy5Nb2RlbEJhY2tlbmQiLCJfYXV0aF91c2VyX2hhc2giOiI5ZTI0YTQyZTE2NzM2YzM3YTc2ZTlhOWEzYTRkOWNjNDJlOWJmYmQyIn0=", "expire_date": "2017-05-23T08:41:41.870Z"}}, {"model": "sessions.session", "pk": "j6gw140dvu2938kaqv0oqeefnf0vhs1a", "fields": {"session_data": "YTEyNjZiN2RjNjhkMmYzNDIxYWE0YTQ3ZWZkODdjYjFlNWU4OWEyOTp7Il9hdXRoX3VzZXJfaWQiOiIxMCIsIl9hdXRoX3VzZXJfYmFja2VuZCI6ImRqYW5nby5jb250cmliLmF1dGguYmFja2VuZHMuTW9kZWxCYWNrZW5kIiwiX2F1dGhfdXNlcl9oYXNoIjoiYzNiNGQxNTI0YzJkOWJkNTAzYjdlZDAxYzA0YWE5NjUxNDM1MTgyNyJ9", "expire_date": "2017-05-24T02:32:45.350Z"}}, {"model": "sessions.session", "pk": "kfin5z6b9biretsguni82n4sue77yjnn", "fields": {"session_data": "OTU3YWMzMTQxZmI0OTc4NGEzNDRhMThjNmVmOWY1NjlhNDRmZmMyMzp7Il9hdXRoX3VzZXJfaWQiOiI4IiwiX2F1dGhfdXNlcl9iYWNrZW5kIjoiZGphbmdvLmNvbnRyaWIuYXV0aC5iYWNrZW5kcy5Nb2RlbEJhY2tlbmQiLCJfYXV0aF91c2VyX2hhc2giOiI2NWVhNzg2MzhhMjk4YmY2ZmFmY2UxMGEyMzA3ZmZjYTdlOWVmY2VjIn0=", "expire_date": "2017-05-24T01:50:09.232Z"}}, {"model": "sessions.session", "pk": "luawgd87p35gnldqmfzbgifqvp9vwxtj", "fields": {"session_data": "YWJiY2VjZDFhYmFmNTEzMDYwNzY4MGMxY2NiYTEzNzgyMzUxYTkxNTp7Il9hdXRoX3VzZXJfaWQiOiI1IiwiX2F1dGhfdXNlcl9iYWNrZW5kIjoiZGphbmdvLmNvbnRyaWIuYXV0aC5iYWNrZW5kcy5Nb2RlbEJhY2tlbmQiLCJfYXV0aF91c2VyX2hhc2giOiJmYjAxZTYzZjY1YTAxMzEyMjZmMTU5MjU4NTY2ODcyYjVlZjM4M2MyIn0=", "expire_date": "2017-05-22T08:49:51.821Z"}}, {"model": "sessions.session", "pk": "odbdpqxzp9wxqsnb7ivahp18jcmhdde9", "fields": {"session_data": "N2Y4MGI3N2I5NTM0MWVjZDBiNTI1ZjA0NzYyZjk4NDZkNmUxNjNlNjp7Il9hdXRoX3VzZXJfaWQiOiIzIiwiX2F1dGhfdXNlcl9iYWNrZW5kIjoiZGphbmdvLmNvbnRyaWIuYXV0aC5iYWNrZW5kcy5Nb2RlbEJhY2tlbmQiLCJfYXV0aF91c2VyX2hhc2giOiJlZmJlMWU0NTdhMGIxYzlmNWE4ZGY3ODg1NmI4YzU3NWU3MmZhM2M1In0=", "expire_date": "2017-05-23T03:43:00.502Z"}}, {"model": "sessions.session", "pk": "oo5mv8bxinpqn9i5t2vu1n0s38p9mibx", "fields": {"session_data": "NDgyNzk5MWQ0YjY1ZTU0ZTEyZGJmNjZkOThiMmRjYTZlNjYwZTUzMDp7Il9hdXRoX3VzZXJfaWQiOiIyIiwiX2F1dGhfdXNlcl9iYWNrZW5kIjoiZGphbmdvLmNvbnRyaWIuYXV0aC5iYWNrZW5kcy5Nb2RlbEJhY2tlbmQiLCJfYXV0aF91c2VyX2hhc2giOiI2YjJlMmU4MTQ3MTFiODIyZTA3NWIyOGI4ZTE4ZDkyNTIzYWI3OWU0In0=", "expire_date": "2017-05-21T10:52:01.486Z"}}, {"model": "sessions.session", "pk": "pak9gydqpio40p21fpr8dmn51ujps4h3", "fields": {"session_data": "N2FkNWZiMGFjY2IxMmM0ZDIxNWI1ODE3MDYxYTJlMDljMTJiNTNjNjp7Il9hdXRoX3VzZXJfaWQiOiIxMSIsIl9hdXRoX3VzZXJfYmFja2VuZCI6ImRqYW5nby5jb250cmliLmF1dGguYmFja2VuZHMuTW9kZWxCYWNrZW5kIiwiX2F1dGhfdXNlcl9oYXNoIjoiMjdhYTNkNTU2ZThjZjU3NWI5ODgwMGE4Y2E0NzVjZGJiMzkxMzY0OSJ9", "expire_date": "2017-05-24T02:37:14.547Z"}}, {"model": "sessions.session", "pk": "r3t5tahhpawxqvqmjxaz615y5sbuodh9", "fields": {"session_data": "MjEwODNlZTcyYTM4MzdjZjdiOWU3ODcwZmQxMDJlZDE4YWIxZmE4MDp7Il9hdXRoX3VzZXJfaWQiOiI2IiwiX2F1dGhfdXNlcl9iYWNrZW5kIjoiZGphbmdvLmNvbnRyaWIuYXV0aC5iYWNrZW5kcy5Nb2RlbEJhY2tlbmQiLCJfYXV0aF91c2VyX2hhc2giOiI2MjY2NGJlZDRlMmVhMWUzMjBhNmFjMTI0MDAzYTVkYzgzNjMxNGIyIn0=", "expire_date": "2017-05-22T10:23:22.819Z"}}, {"model": "sessions.session", "pk": "xhsn0l1jgmy77yxrmef2ftegq828lbcu", "fields": {"session_data": "N2Y4MGI3N2I5NTM0MWVjZDBiNTI1ZjA0NzYyZjk4NDZkNmUxNjNlNjp7Il9hdXRoX3VzZXJfaWQiOiIzIiwiX2F1dGhfdXNlcl9iYWNrZW5kIjoiZGphbmdvLmNvbnRyaWIuYXV0aC5iYWNrZW5kcy5Nb2RlbEJhY2tlbmQiLCJfYXV0aF91c2VyX2hhc2giOiJlZmJlMWU0NTdhMGIxYzlmNWE4ZGY3ODg1NmI4YzU3NWU3MmZhM2M1In0=", "expire_date": "2017-05-22T04:00:19.355Z"}}, {"model": "axes.accessattempt", "pk": 6, "fields": {"user_agent": "Mozilla/5.0 (Macintosh; Intel Mac OS X 10_11_6) AppleWebKit/537.36 (KHTML, like Gecko) Chrome/57.0.2987.133 Safari/537.36", "ip_address": "113.91.202.241", "username": "newer0323", "trusted": true, "http_accept": "text/html,application/xhtml+xml,application/xml;q=0.9,image/webp,*/*;q=0.8", "path_info": "/accounts/login/", "attempt_time": "2017-05-10T02:06:44.348Z", "get_data": "", "post_data": "csrfmiddlewaretoken=UkH3ppaGkzslMwHtCUcJub4MaRsuoqYQouQx3oICHKcmXl4qyPVeQdVSYSpWqYjw\nusername=newer0323", "failures_since_start": 0}}, {"model": "axes.accessattempt", "pk": 7, "fields": {"user_agent": "Mozilla/5.0 (Macintosh; Intel Mac OS X 10_12_0) AppleWebKit/537.36 (KHTML, like Gecko) Chrome/50.0.2661.75 Safari/537.36 QQBrowser/4.1.4132.400", "ip_address": "113.91.202.241", "username": "qili02", "trusted": true, "http_accept": "text/html,application/xhtml+xml,application/xml;q=0.9,image/webp,*/*;q=0.8", "path_info": "/accounts/login/", "attempt_time": "2017-05-10T02:24:03.665Z", "get_data": "", "post_data": "csrfmiddlewaretoken=sH3bNJX1ltvpoNs97cjvMghqJi6nLAj5OhaOEysem4P0CtmWDDOZqDEP5UKJJvby\nusername=qili02", "failures_since_start": 0}}, {"model": "axes.accessattempt", "pk": 8, "fields": {"user_agent": "Mozilla/5.0 (Windows NT 6.3; WOW64) AppleWebKit/537.36 (KHTML, like Gecko) Chrome/57.0.2950.5 Safari/537.36", "ip_address": "183.42.28.250", "username": "14877621@qq.com", "trusted": false, "http_accept": "text/html,application/xhtml+xml,application/xml;q=0.9,image/webp,*/*;q=0.8", "path_info": "/accounts/login/", "attempt_time": "2017-05-10T02:31:53.518Z", "get_data": "\n---------\n\n---------\n", "post_data": "csrfmiddlewaretoken=Tmo54gOcHLXiBtVaHxfRlPoCYuHQMNOFSqmJe7almicnWNxTYgd5wZl1IpikR2rT\nusername=14877621@qq.com\n---------\ncsrfmiddlewaretoken=g1KPIVCpiXp8l2MMQjJbERa76K5EQQegf5ItSMYyXuEdGmov72HpP17wQFG8V5Ru\nusername=123\n---------\ncsrfmiddlewaretoken=BEAqc20tqqzU1Nl8iMU5PXVP4BXZzW6FAIy4mTmC5XOZm7XRzvSj07SeOwytEbJT\nusername=14877621@qq.com", "failures_since_start": 3}}, {"model": "axes.accesslog", "pk": 1, "fields": {"user_agent": "Mozilla/5.0 (Macintosh; Intel Mac OS X 10_11_6) AppleWebKit/537.36 (KHTML, like Gecko) Chrome/57.0.2987.133 Safari/537.36", "ip_address": "113.118.173.243", "username": "newer0323", "trusted": false, "http_accept": "text/html,application/xhtml+xml,application/xml;q=0.9,image/webp,*/*;q=0.8", "path_info": "/accounts/login/", "attempt_time": "2017-05-06T08:19:28.177Z", "logout_time": "2017-05-10T01:49:32.698Z"}}, {"model": "axes.accesslog", "pk": 2, "fields": {"user_agent": "Mozilla/5.0 (Windows NT 6.1; WOW64) AppleWebKit/537.36 (KHTML, like Gecko) Chrome/57.0.2987.110 Safari/537.36", "ip_address": "113.91.202.241", "username": "chen", "trusted": false, "http_accept": "text/html,application/xhtml+xml,application/xml;q=0.9,image/webp,*/*;q=0.8", "path_info": "/accounts/login/", "attempt_time": "2017-05-08T08:49:07.320Z", "logout_time": null}}, {"model": "axes.accesslog", "pk": 3, "fields": {"user_agent": "Mozilla/5.0 (Windows NT 6.1; WOW64) AppleWebKit/537.36 (KHTML, like Gecko) Chrome/57.0.2987.110 Safari/537.36", "ip_address": "113.91.202.241", "username": "chen", "trusted": false, "http_accept": "text/html,application/xhtml+xml,application/xml;q=0.9,image/webp,*/*;q=0.8", "path_info": "/accounts/login/", "attempt_time": "2017-05-08T08:49:14.597Z", "logout_time": null}}, {"model": "axes.accesslog", "pk": 4, "fields": {"user_agent": "Mozilla/5.0 (Windows NT 6.1; WOW64) AppleWebKit/537.36 (KHTML, like Gecko) Chrome/57.0.2987.110 Safari/537.36", "ip_address": "113.91.202.241", "username": "chen", "trusted": false, "http_accept": "text/html,application/xhtml+xml,application/xml;q=0.9,image/webp,*/*;q=0.8", "path_info": "/accounts/login/", "attempt_time": "2017-05-08T08:49:20.972Z", "logout_time": null}}, {"model": "axes.accesslog", "pk": 5, "fields": {"user_agent": "Mozilla/5.0 (Macintosh; Intel Mac OS X 10_12_0) AppleWebKit/537.36 (KHTML, like Gecko) Chrome/50.0.2661.75 Safari/537.36 QQBrowser/4.1.4132.400", "ip_address": "115.44.217.179", "username": "qili", "trusted": false, "http_accept": "text/html,application/xhtml+xml,application/xml;q=0.9,image/webp,*/*;q=0.8", "path_info": "/accounts/login/", "attempt_time": "2017-05-08T14:25:59.331Z", "logout_time": null}}, {"model": "axes.accesslog", "pk": 6, "fields": {"user_agent": "Mozilla/5.0 (Macintosh; Intel Mac OS X 10_12_0) AppleWebKit/537.36 (KHTML, like Gecko) Chrome/50.0.2661.75 Safari/537.36 QQBrowser/4.1.4132.400", "ip_address": "115.44.217.179", "username": "qili01", "trusted": false, "http_accept": "text/html,application/xhtml+xml,application/xml;q=0.9,image/webp,*/*;q=0.8", "path_info": "/accounts/login/", "attempt_time": "2017-05-08T14:26:04.131Z", "logout_time": null}}, {"model": "axes.accesslog", "pk": 7, "fields": {"user_agent": "Mozilla/5.0 (Macintosh; Intel Mac OS X 10_12_0) AppleWebKit/537.36 (KHTML, like Gecko) Chrome/50.0.2661.75 Safari/537.36 QQBrowser/4.1.4132.400", "ip_address": "115.44.217.179", "username": "qili", "trusted": false, "http_accept": "text/html,application/xhtml+xml,application/xml;q=0.9,image/webp,*/*;q=0.8", "path_info": "/accounts/login/", "attempt_time": "2017-05-08T14:26:07.326Z", "logout_time": null}}, {"model": "axes.accesslog", "pk": 8, "fields": {"user_agent": "Mozilla/5.0 (Windows NT 10.0; WOW64) AppleWebKit/537.36 (KHTML, like Gecko) Chrome/57.0.2987.133 Safari/537.36", "ip_address": "112.12.30.62", "username": "taisukei", "trusted": true, "http_accept": "text/html,application/xhtml+xml,application/xml;q=0.9,image/webp,*/*;q=0.8", "path_info": "/accounts/login/", "attempt_time": "2017-05-09T03:43:00.482Z", "logout_time": null}}, {"model": "axes.accesslog", "pk": 9, "fields": {"user_agent": "Mozilla/5.0 (Macintosh; Intel Mac OS X 10_11_6) AppleWebKit/603.1.30 (KHTML, like Gecko) Version/10.1 Safari/603.1.30", "ip_address": "192.157.230.212", "username": "ubuntu", "trusted": false, "http_accept": "text/html,application/xhtml+xml,application/xml;q=0.9,*/*;q=0.8", "path_info": "/guwei_administration/login/", "attempt_time": "2017-05-09T06:20:05.461Z", "logout_time": null}}, {"model": "axes.accesslog", "pk": 10, "fields": {"user_agent": "Mozilla/5.0 (Macintosh; Intel Mac OS X 10_11_6) AppleWebKit/603.1.30 (KHTML, like Gecko) Version/10.1 Safari/603.1.30", "ip_address": "192.157.230.212", "username": "ubuntu", "trusted": false, "http_accept": "text/html,application/xhtml+xml,application/xml;q=0.9,*/*;q=0.8", "path_info": "/guwei_administration/login/", "attempt_time": "2017-05-09T06:20:16.803Z", "logout_time": "2017-05-10T01:47:42.648Z"}}, {"model": "axes.accesslog", "pk": 11, "fields": {"user_agent": "Mozilla/5.0 (Macintosh; Intel Mac OS X 10_11_6) AppleWebKit/603.1.30 (KHTML, like Gecko) Version/10.1 Safari/603.1.30", "ip_address": "192.157.230.212", "username": "jacob", "trusted": false, "http_accept": "text/html,application/xhtml+xml,application/xml;q=0.9,*/*;q=0.8", "path_info": "/guwei_administration/login/", "attempt_time": "2017-05-09T06:20:27.880Z", "logout_time": null}}, {"model": "axes.accesslog", "pk": 12, "fields": {"user_agent": "Mozilla/5.0 (Macintosh; Intel Mac OS X 10_11_6) AppleWebKit/537.36 (KHTML, like Gecko) Chrome/57.0.2987.133 Safari/537.36", "ip_address": "113.91.202.241", "username": "newer0323", "trusted": true, "http_accept": "text/html,application/xhtml+xml,application/xml;q=0.9,image/webp,*/*;q=0.8", "path_info": "/accounts/login/", "attempt_time": "2017-05-10T02:06:44.338Z", "logout_time": "2017-05-10T02:06:47.369Z"}}, {"model": "axes.accesslog", "pk": 13, "fields": {"user_agent": "Mozilla/5.0 (Macintosh; Intel Mac OS X 10_12_0) AppleWebKit/537.36 (KHTML, like Gecko) Chrome/50.0.2661.75 Safari/537.36 QQBrowser/4.1.4132.400", "ip_address": "113.91.202.241", "username": "qili02", "trusted": true, "http_accept": "text/html,application/xhtml+xml,application/xml;q=0.9,image/webp,*/*;q=0.8", "path_info": "/accounts/login/", "attempt_time": "2017-05-10T02:24:03.645Z", "logout_time": "2017-05-10T02:28:41.279Z"}}, {"model": "axes.accesslog", "pk": 14, "fields": {"user_agent": "Mozilla/5.0 (Macintosh; Intel Mac OS X 10_12_0) AppleWebKit/537.36 (KHTML, like Gecko) Chrome/50.0.2661.75 Safari/537.36 QQBrowser/4.1.4132.400", "ip_address": "113.91.202.241", "username": "qili02", "trusted": true, "http_accept": "text/html,application/xhtml+xml,application/xml;q=0.9,image/webp,*/*;q=0.8", "path_info": "/accounts/login/", "attempt_time": "2017-05-10T02:28:44.964Z", "logout_time": "2017-05-10T02:28:56.259Z"}}, {"model": "axes.accesslog", "pk": 15, "fields": {"user_agent": "Mozilla/5.0 (Macintosh; Intel Mac OS X 10_12_0) AppleWebKit/537.36 (KHTML, like Gecko) Chrome/50.0.2661.75 Safari/537.36 QQBrowser/4.1.4132.400", "ip_address": "113.91.202.241", "username": "qili02", "trusted": true, "http_accept": "text/html,application/xhtml+xml,application/xml;q=0.9,image/webp,*/*;q=0.8", "path_info": "/accounts/login/", "attempt_time": "2017-05-10T02:29:00.237Z", "logout_time": "2017-05-10T03:01:21.566Z"}}, {"model": "axes.accesslog", "pk": 16, "fields": {"user_agent": "Mozilla/5.0 (Windows NT 6.3; WOW64) AppleWebKit/537.36 (KHTML, like Gecko) Chrome/57.0.2950.5 Safari/537.36", "ip_address": "183.42.28.250", "username": "14877621@qq.com", "trusted": false, "http_accept": "text/html,application/xhtml+xml,application/xml;q=0.9,image/webp,*/*;q=0.8", "path_info": "/accounts/login/", "attempt_time": "2017-05-10T02:31:06.211Z", "logout_time": null}}, {"model": "axes.accesslog", "pk": 17, "fields": {"user_agent": "Mozilla/5.0 (Windows NT 6.3; WOW64) AppleWebKit/537.36 (KHTML, like Gecko) Chrome/57.0.2950.5 Safari/537.36", "ip_address": "183.42.28.250", "username": "123", "trusted": false, "http_accept": "text/html,application/xhtml+xml,application/xml;q=0.9,image/webp,*/*;q=0.8", "path_info": "/accounts/login/", "attempt_time": "2017-05-10T02:31:26.604Z", "logout_time": null}}, {"model": "axes.accesslog", "pk": 18, "fields": {"user_agent": "Mozilla/5.0 (Windows NT 6.3; WOW64) AppleWebKit/537.36 (KHTML, like Gecko) Chrome/57.0.2950.5 Safari/537.36", "ip_address": "183.42.28.250", "username": "14877621@qq.com", "trusted": false, "http_accept": "text/html,application/xhtml+xml,application/xml;q=0.9,image/webp,*/*;q=0.8", "path_info": "/accounts/login/", "attempt_time": "2017-05-10T02:31:53.510Z", "logout_time": null}}, {"model": "axes.accesslog", "pk": 19, "fields": {"user_agent": "Mozilla/5.0 (Macintosh; Intel Mac OS X 10_12_0) AppleWebKit/537.36 (KHTML, like Gecko) Chrome/50.0.2661.75 Safari/537.36 QQBrowser/4.1.4132.400", "ip_address": "113.91.202.241", "username": "qili02", "trusted": true, "http_accept": "text/html,application/xhtml+xml,application/xml;q=0.9,image/webp,*/*;q=0.8", "path_info": "/accounts/login/", "attempt_time": "2017-05-10T03:01:43.066Z", "logout_time": "2017-05-10T03:12:09.409Z"}}, {"model": "axes.accesslog", "pk": 20, "fields": {"user_agent": "Mozilla/5.0 (Macintosh; Intel Mac OS X 10_11_6) AppleWebKit/537.36 (KHTML, like Gecko) Chrome/57.0.2987.133 Safari/537.36", "ip_address": "113.91.202.241", "username": "newer0323", "trusted": true, "http_accept": "text/html,application/xhtml+xml,application/xml;q=0.9,image/webp,*/*;q=0.8", "path_info": "/accounts/login/", "attempt_time": "2017-05-10T03:09:11.514Z", "logout_time": null}}, {"model": "axes.accesslog", "pk": 21, "fields": {"user_agent": "Mozilla/5.0 (Macintosh; Intel Mac OS X 10_12_0) AppleWebKit/537.36 (KHTML, like Gecko) Chrome/50.0.2661.75 Safari/537.36 QQBrowser/4.1.4132.400", "ip_address": "113.91.202.241", "username": "qili02", "trusted": true, "http_accept": "text/html,application/xhtml+xml,application/xml;q=0.9,image/webp,*/*;q=0.8", "path_info": "/accounts/login/", "attempt_time": "2017-05-10T03:12:44.304Z", "logout_time": "2017-05-10T03:13:10.995Z"}}, {"model": "auth.permission", "pk": 1, "fields": {"name": "Can add inventory", "content_type": 1, "codename": "add_inventory"}}, {"model": "auth.permission", "pk": 2, "fields": {"name": "Can change inventory", "content_type": 1, "codename": "change_inventory"}}, {"model": "auth.permission", "pk": 3, "fields": {"name": "Can delete inventory", "content_type": 1, "codename": "delete_inventory"}}, {"model": "auth.permission", "pk": 4, "fields": {"name": "Can add inventory_time", "content_type": 2, "codename": "add_inventory_time"}}, {"model": "auth.permission", "pk": 5, "fields": {"name": "Can change inventory_time", "content_type": 2, "codename": "change_inventory_time"}}, {"model": "auth.permission", "pk": 6, "fields": {"name": "Can delete inventory_time", "content_type": 2, "codename": "delete_inventory_time"}}, {"model": "auth.permission", "pk": 7, "fields": {"name": "Can add rank", "content_type": 3, "codename": "add_rank"}}, {"model": "auth.permission", "pk": 8, "fields": {"name": "Can change rank", "content_type": 3, "codename": "change_rank"}}, {"model": "auth.permission", "pk": 9, "fields": {"name": "Can delete rank", "content_type": 3, "codename": "delete_rank"}}, {"model": "auth.permission", "pk": 10, "fields": {"name": "Can add rank_to_user", "content_type": 4, "codename": "add_rank_to_user"}}, {"model": "auth.permission", "pk": 11, "fields": {"name": "Can change rank_to_user", "content_type": 4, "codename": "change_rank_to_user"}}, {"model": "auth.permission", "pk": 12, "fields": {"name": "Can delete rank_to_user", "content_type": 4, "codename": "delete_rank_to_user"}}, {"model": "auth.permission", "pk": 13, "fields": {"name": "Can add keyword_rank", "content_type": 5, "codename": "add_keyword_rank"}}, {"model": "auth.permission", "pk": 14, "fields": {"name": "Can change keyword_rank", "content_type": 5, "codename": "change_keyword_rank"}}, {"model": "auth.permission", "pk": 15, "fields": {"name": "Can delete keyword_rank", "content_type": 5, "codename": "delete_keyword_rank"}}, {"model": "auth.permission", "pk": 16, "fields": {"name": "Can add asin_keyword", "content_type": 6, "codename": "add_asin_keyword"}}, {"model": "auth.permission", "pk": 17, "fields": {"name": "Can change asin_keyword", "content_type": 6, "codename": "change_asin_keyword"}}, {"model": "auth.permission", "pk": 18, "fields": {"name": "Can delete asin_keyword", "content_type": 6, "codename": "delete_asin_keyword"}}, {"model": "auth.permission", "pk": 19, "fields": {"name": "Can add blog ad", "content_type": 7, "codename": "add_blogad"}}, {"model": "auth.permission", "pk": 20, "fields": {"name": "Can change blog ad", "content_type": 7, "codename": "change_blogad"}}, {"model": "auth.permission", "pk": 21, "fields": {"name": "Can delete blog ad", "content_type": 7, "codename": "delete_blogad"}}, {"model": "auth.permission", "pk": 22, "fields": {"name": "Can add blog", "content_type": 8, "codename": "add_blog"}}, {"model": "auth.permission", "pk": 23, "fields": {"name": "Can change blog", "content_type": 8, "codename": "change_blog"}}, {"model": "auth.permission", "pk": 24, "fields": {"name": "Can delete blog", "content_type": 8, "codename": "delete_blog"}}, {"model": "auth.permission", "pk": 25, "fields": {"name": "Can add user settings", "content_type": 9, "codename": "add_usersettings"}}, {"model": "auth.permission", "pk": 26, "fields": {"name": "Can change user settings", "content_type": 9, "codename": "change_usersettings"}}, {"model": "auth.permission", "pk": 27, "fields": {"name": "Can delete user settings", "content_type": 9, "codename": "delete_usersettings"}}, {"model": "auth.permission", "pk": 28, "fields": {"name": "Can add urls", "content_type": 10, "codename": "add_urls"}}, {"model": "auth.permission", "pk": 29, "fields": {"name": "Can change urls", "content_type": 10, "codename": "change_urls"}}, {"model": "auth.permission", "pk": 30, "fields": {"name": "Can delete urls", "content_type": 10, "codename": "delete_urls"}}, {"model": "auth.permission", "pk": 31, "fields": {"name": "Can add product", "content_type": 11, "codename": "add_product"}}, {"model": "auth.permission", "pk": 32, "fields": {"name": "Can change product", "content_type": 11, "codename": "change_product"}}, {"model": "auth.permission", "pk": 33, "fields": {"name": "Can delete product", "content_type": 11, "codename": "delete_product"}}, {"model": "auth.permission", "pk": 34, "fields": {"name": "Can add product_seller", "content_type": 12, "codename": "add_product_seller"}}, {"model": "auth.permission", "pk": 35, "fields": {"name": "Can change product_seller", "content_type": 12, "codename": "change_product_seller"}}, {"model": "auth.permission", "pk": 36, "fields": {"name": "Can delete product_seller", "content_type": 12, "codename": "delete_product_seller"}}, {"model": "auth.permission", "pk": 37, "fields": {"name": "Can add product_to_user", "content_type": 13, "codename": "add_product_to_user"}}, {"model": "auth.permission", "pk": 38, "fields": {"name": "Can change product_to_user", "content_type": 13, "codename": "change_product_to_user"}}, {"model": "auth.permission", "pk": 39, "fields": {"name": "Can delete product_to_user", "content_type": 13, "codename": "delete_product_to_user"}}, {"model": "auth.permission", "pk": 40, "fields": {"name": "Can add url_to_wishlist", "content_type": 14, "codename": "add_url_to_wishlist"}}, {"model": "auth.permission", "pk": 41, "fields": {"name": "Can change url_to_wishlist", "content_type": 14, "codename": "change_url_to_wishlist"}}, {"model": "auth.permission", "pk": 42, "fields": {"name": "Can delete url_to_wishlist", "content_type": 14, "codename": "delete_url_to_wishlist"}}, {"model": "auth.permission", "pk": 43, "fields": {"name": "Can add login attempt", "content_type": 15, "codename": "add_loginattempt"}}, {"model": "auth.permission", "pk": 44, "fields": {"name": "Can change login attempt", "content_type": 15, "codename": "change_loginattempt"}}, {"model": "auth.permission", "pk": 45, "fields": {"name": "Can delete login attempt", "content_type": 15, "codename": "delete_loginattempt"}}, {"model": "auth.permission", "pk": 46, "fields": {"name": "Can add action", "content_type": 16, "codename": "add_action"}}, {"model": "auth.permission", "pk": 47, "fields": {"name": "Can change action", "content_type": 16, "codename": "change_action"}}, {"model": "auth.permission", "pk": 48, "fields": {"name": "Can delete action", "content_type": 16, "codename": "delete_action"}}, {"model": "auth.permission", "pk": 49, "fields": {"name": "Can add log entry", "content_type": 17, "codename": "add_logentry"}}, {"model": "auth.permission", "pk": 50, "fields": {"name": "Can change log entry", "content_type": 17, "codename": "change_logentry"}}, {"model": "auth.permission", "pk": 51, "fields": {"name": "Can delete log entry", "content_type": 17, "codename": "delete_logentry"}}, {"model": "auth.permission", "pk": 52, "fields": {"name": "Can add permission", "content_type": 18, "codename": "add_permission"}}, {"model": "auth.permission", "pk": 53, "fields": {"name": "Can change permission", "content_type": 18, "codename": "change_permission"}}, {"model": "auth.permission", "pk": 54, "fields": {"name": "Can delete permission", "content_type": 18, "codename": "delete_permission"}}, {"model": "auth.permission", "pk": 55, "fields": {"name": "Can add user", "content_type": 19, "codename": "add_user"}}, {"model": "auth.permission", "pk": 56, "fields": {"name": "Can change user", "content_type": 19, "codename": "change_user"}}, {"model": "auth.permission", "pk": 57, "fields": {"name": "Can delete user", "content_type": 19, "codename": "delete_user"}}, {"model": "auth.permission", "pk": 58, "fields": {"name": "Can add group", "content_type": 20, "codename": "add_group"}}, {"model": "auth.permission", "pk": 59, "fields": {"name": "Can change group", "content_type": 20, "codename": "change_group"}}, {"model": "auth.permission", "pk": 60, "fields": {"name": "Can delete group", "content_type": 20, "codename": "delete_group"}}, {"model": "auth.permission", "pk": 61, "fields": {"name": "Can add content type", "content_type": 21, "codename": "add_contenttype"}}, {"model": "auth.permission", "pk": 62, "fields": {"name": "Can change content type", "content_type": 21, "codename": "change_contenttype"}}, {"model": "auth.permission", "pk": 63, "fields": {"name": "Can delete content type", "content_type": 21, "codename": "delete_contenttype"}}, {"model": "auth.permission", "pk": 64, "fields": {"name": "Can add session", "content_type": 22, "codename": "add_session"}}, {"model": "auth.permission", "pk": 65, "fields": {"name": "Can change session", "content_type": 22, "codename": "change_session"}}, {"model": "auth.permission", "pk": 66, "fields": {"name": "Can delete session", "content_type": 22, "codename": "delete_session"}}, {"model": "auth.permission", "pk": 67, "fields": {"name": "Can add task result", "content_type": 23, "codename": "add_taskresult"}}, {"model": "auth.permission", "pk": 68, "fields": {"name": "Can change task result", "content_type": 23, "codename": "change_taskresult"}}, {"model": "auth.permission", "pk": 69, "fields": {"name": "Can delete task result", "content_type": 23, "codename": "delete_taskresult"}}, {"model": "auth.permission", "pk": 70, "fields": {"name": "Can add access attempt", "content_type": 24, "codename": "add_accessattempt"}}, {"model": "auth.permission", "pk": 71, "fields": {"name": "Can change access attempt", "content_type": 24, "codename": "change_accessattempt"}}, {"model": "auth.permission", "pk": 72, "fields": {"name": "Can delete access attempt", "content_type": 24, "codename": "delete_accessattempt"}}, {"model": "auth.permission", "pk": 73, "fields": {"name": "Can add access log", "content_type": 25, "codename": "add_accesslog"}}, {"model": "auth.permission", "pk": 74, "fields": {"name": "Can change access log", "content_type": 25, "codename": "change_accesslog"}}, {"model": "auth.permission", "pk": 75, "fields": {"name": "Can delete access log", "content_type": 25, "codename": "delete_accesslog"}}, {"model": "auth.permission", "pk": 76, "fields": {"name": "Can add Tagged Item", "content_type": 26, "codename": "add_taggeditem"}}, {"model": "auth.permission", "pk": 77, "fields": {"name": "Can change Tagged Item", "content_type": 26, "codename": "change_taggeditem"}}, {"model": "auth.permission", "pk": 78, "fields": {"name": "Can delete Tagged Item", "content_type": 26, "codename": "delete_taggeditem"}}, {"model": "auth.permission", "pk": 79, "fields": {"name": "Can add Tag", "content_type": 27, "codename": "add_tag"}}, {"model": "auth.permission", "pk": 80, "fields": {"name": "Can change Tag", "content_type": 27, "codename": "change_tag"}}, {"model": "auth.permission", "pk": 81, "fields": {"name": "Can delete Tag", "content_type": 27, "codename": "delete_tag"}}, {"model": "auth.user", "pk": 1, "fields": {"password": "pbkdf2_sha256$30000$6YXASF9xGm5R$IaZcyTjNvnV9ybHaWYcQoqLLZGl/D+J+No6HQA0I5dE=", "last_login": "2017-05-10T03:09:11.507Z", "is_superuser": false, "username": "newer0323", "first_name": "", "last_name": "", "email": "122521200@qq.com", "is_staff": false, "is_active": true, "date_joined": "2017-05-06T08:19:35.023Z", "groups": [], "user_permissions": []}}, {"model": "auth.user", "pk": 2, "fields": {"password": "pbkdf2_sha256$30000$wypYyVvaLhGC$EXWDvOfC/PnY+xiVioyNcOfqzgjWfaOBIvIef1+/D90=", "last_login": "2017-05-07T10:52:01.480Z", "is_superuser": false, "username": "1228173037@qq.com", "first_name": "", "last_name": "", "email": "1228173037@qq.com", "is_staff": false, "is_active": true, "date_joined": "2017-05-07T10:52:01.386Z", "groups": [], "user_permissions": []}}, {"model": "auth.user", "pk": 3, "fields": {"password": "pbkdf2_sha256$30000$H93kHMfSEIVw$oN10oZjfPtGUOrYA2GXgV0y15lKQ78z2CXcJ8ekK2PQ=", "last_login": "2017-05-09T03:43:00.474Z", "is_superuser": false, "username": "taisukei", "first_name": "", "last_name": "", "email": "1247969135@qq.com", "is_staff": false, "is_active": true, "date_joined": "2017-05-08T04:00:19.246Z", "groups": [], "user_permissions": []}}, {"model": "auth.user", "pk": 4, "fields": {"password": "pbkdf2_sha256$30000$S9pyFiT7whCh$ymF2qMsGkqp/yM1VpHZIOtLMIsQmGHa+gWxEzRslY0Q=", "last_login": "2017-05-08T04:00:42.652Z", "is_superuser": false, "username": "qili01", "first_name": "", "last_name": "", "email": "51718429@qq.com", "is_staff": false, "is_active": true, "date_joined": "2017-05-08T04:00:42.429Z", "groups": [], "user_permissions": []}}, {"model": "auth.user", "pk": 5, "fields": {"password": "pbkdf2_sha256$30000$PrEC8TD80Izx$7C9Vw7fqNJZirKgWcWRCSXO8NE0iM1/d1Zd/AKhUj70=", "last_login": "2017-05-08T08:49:51.814Z", "is_superuser": false, "username": "test", "first_name": "", "last_name": "", "email": "eq@qq.com", "is_staff": false, "is_active": true, "date_joined": "2017-05-08T08:49:51.713Z", "groups": [], "user_permissions": []}}, {"model": "auth.user", "pk": 6, "fields": {"password": "pbkdf2_sha256$30000$XkKXLd04O7Wv$JhUW4NNyOtu5AFmZI5AadJlyOTUcoF+Tud8WMeodZ+U=", "last_login": "2017-05-08T10:23:22.811Z", "is_superuser": false, "username": "1212", "first_name": "", "last_name": "", "email": "14877621@qq.com", "is_staff": false, "is_active": true, "date_joined": "2017-05-08T10:23:22.708Z", "groups": [], "user_permissions": []}}, {"model": "auth.user", "pk": 7, "fields": {"password": "pbkdf2_sha256$30000$b3kZVFAICX1V$7bWU0rhhYB9eNTHwF2K6tqhqmR06gg9H7sRhlnwcQmY=", "last_login": "2017-05-10T03:12:44.292Z", "is_superuser": false, "username": "qili02", "first_name": "", "last_name": "", "email": "1111@qq.com", "is_staff": false, "is_active": true, "date_joined": "2017-05-08T14:26:45.727Z", "groups": [], "user_permissions": []}}, {"model": "auth.user", "pk": 8, "fields": {"password": "pbkdf2_sha256$30000$4hDbwOhM7XSN$CyzTNbWVKE7fGuqDq7ElNa4ZW+lE5HTMRW1r13I9Sf4=", "last_login": "2017-05-10T01:50:09.223Z", "is_superuser": true, "username": "ubuntu", "first_name": "", "last_name": "", "email": "", "is_staff": true, "is_active": true, "date_joined": "2017-05-09T06:21:15.480Z", "groups": [], "user_permissions": []}}, {"model": "auth.user", "pk": 9, "fields": {"password": "pbkdf2_sha256$30000$t031c9oLQR6j$p/9C8EYZgdcPOp5OUOyfVr7rCdapT79hVRnckvzWH64=", "last_login": "2017-05-09T08:41:41.863Z", "is_superuser": false, "username": "sky", "first_name": "", "last_name": "", "email": "306335249@qq.com", "is_staff": false, "is_active": true, "date_joined": "2017-05-09T08:41:41.745Z", "groups": [], "user_permissions": []}}, {"model": "auth.user", "pk": 10, "fields": {"password": "pbkdf2_sha256$30000$VADW95df4Fj8$BlDVsbpRdL9/1rc0TUEkJE5b/PyU6e2yRrA8G8g8IEo=", "last_login": "2017-05-10T02:32:45.344Z", "is_superuser": false, "username": "\u56db\u5b63", "first_name": "", "last_name": "", "email": "715241910@qq.com", "is_staff": false, "is_active": true, "date_joined": "2017-05-10T02:32:45.231Z", "groups": [], "user_permissions": []}}, {"model": "auth.user", "pk": 11, "fields": {"password": "pbkdf2_sha256$30000$QRnVg86DtKRW$J/17+XZuFhU2E8rMY0xNBZibw+oMHFtJBpJjEsUAhcw=", "last_login": "2017-05-10T02:37:14.542Z", "is_superuser": false, "username": "zoe", "first_name": "", "last_name": "", "email": "474806990@qq.com", "is_staff": false, "is_active": true, "date_joined": "2017-05-10T02:37:14.439Z", "groups": [], "user_permissions": []}}, {"model": "admin.logentry", "pk": 1, "fields": {"action_time": "2017-05-09T06:40:45.142Z", "user": 8, "content_type": 1, "object_id": "5", "object_repr": "B01DJ7CYZ4", "action_flag": 3, "change_message": ""}}, {"model": "admin.logentry", "pk": 2, "fields": {"action_time": "2017-05-09T08:44:12.038Z", "user": 8, "content_type": 9, "object_id": "8", "object_repr": "UserSettings object", "action_flag": 2, "change_message": "[{\"changed\": {\"fields\": [\"credit\"]}}]"}}, {"model": "admin.logentry", "pk": 3, "fields": {"action_time": "2017-05-10T03:28:14.480Z", "user": 8, "content_type": 1, "object_id": "6", "object_repr": "B003BZD08U", "action_flag": 3, "change_message": ""}}, {"model": "admin.logentry", "pk": 4, "fields": {"action_time": "2017-05-10T03:28:14.488Z", "user": 8, "content_type": 1, "object_id": "9", "object_repr": "B004AHMCMI", "action_flag": 3, "change_message": ""}}, {"model": "admin.logentry", "pk": 5, "fields": {"action_time": "2017-05-10T03:28:14.499Z", "user": 8, "content_type": 1, "object_id": "8", "object_repr": "B008J8MJIQ", "action_flag": 3, "change_message": ""}}, {"model": "admin.logentry", "pk": 6, "fields": {"action_time": "2017-05-10T03:28:14.506Z", "user": 8, "content_type": 1, "object_id": "7", "object_repr": "B00NHQHX8G", "action_flag": 3, "change_message": ""}}, {"model": "admin.logentry", "pk": 7, "fields": {"action_time": "2017-05-10T03:28:14.511Z", "user": 8, "content_type": 1, "object_id": "11", "object_repr": "B010OYASRG", "action_flag": 3, "change_message": ""}}, {"model": "admin.logentry", "pk": 8, "fields": {"action_time": "2017-05-10T03:28:14.517Z", "user": 8, "content_type": 1, "object_id": "3", "object_repr": "B013JNAUMW", "action_flag": 3, "change_message": ""}}, {"model": "admin.logentry", "pk": 9, "fields": {"action_time": "2017-05-10T03:28:14.523Z", "user": 8, "content_type": 1, "object_id": "1", "object_repr": "B01LCDJ7LG", "action_flag": 3, "change_message": ""}}, {"model": "admin.logentry", "pk": 10, "fields": {"action_time": "2017-05-10T03:28:14.528Z", "user": 8, "content_type": 1, "object_id": "4", "object_repr": "B01NATYTMV", "action_flag": 3, "change_message": ""}}, {"model": "admin.logentry", "pk": 11, "fields": {"action_time": "2017-05-10T03:28:14.533Z", "user": 8, "content_type": 1, "object_id": "10", "object_repr": "B06XFKN6R1", "action_flag": 3, "change_message": ""}}, {"model": "admin.logentry", "pk": 12, "fields": {"action_time": "2017-05-10T03:28:14.539Z", "user": 8, "content_type": 1, "object_id": "2", "object_repr": "B06XH5R8WV", "action_flag": 3, "change_message": ""}}, {"model": "accounts.usersettings", "pk": 1, "fields": {"created": "2017-05-06T08:19:35.073Z", "modified": "2017-05-06T08:19:35.073Z", "user": 1, "credit": 8}}, {"model": "accounts.usersettings", "pk": 2, "fields": {"created": "2017-05-07T10:52:01.433Z", "modified": "2017-05-07T10:52:01.433Z", "user": 2, "credit": 100}}, {"model": "accounts.usersettings", "pk": 3, "fields": {"created": "2017-05-08T04:00:19.297Z", "modified": "2017-05-08T04:00:19.297Z", "user": 3, "credit": 100}}, {"model": "accounts.usersettings", "pk": 4, "fields": {"created": "2017-05-08T04:00:42.520Z", "modified": "2017-05-08T04:00:42.521Z", "user": 4, "credit": 82}}, {"model": "accounts.usersettings", "pk": 5, "fields": {"created": "2017-05-08T08:49:51.763Z", "modified": "2017-05-08T08:49:51.763Z", "user": 5, "credit": 78}}, {"model": "accounts.usersettings", "pk": 6, "fields": {"created": "2017-05-08T10:23:22.759Z", "modified": "2017-05-08T10:23:22.759Z", "user": 6, "credit": 100}}, {"model": "accounts.usersettings", "pk": 7, "fields": {"created": "2017-05-08T14:26:45.778Z", "modified": "2017-05-08T14:26:45.778Z", "user": 7, "credit": 92}}, {"model": "accounts.usersettings", "pk": 8, "fields": {"created": "2017-05-09T08:41:41.808Z", "modified": "2017-05-09T08:44:12.036Z", "user": 9, "credit": 9994}}, {"model": "accounts.usersettings", "pk": 9, "fields": {"created": "2017-05-10T02:32:45.290Z", "modified": "2017-05-10T02:32:45.290Z", "user": 10, "credit": 100}}, {"model": "accounts.usersettings", "pk": 10, "fields": {"created": "2017-05-10T02:37:14.485Z", "modified": "2017-05-10T02:37:14.485Z", "user": 11, "credit": 80}}]